[
  {
    "date": "2021-03-15",
    "threshold": 75.00,
    "platform": [
      {
        "country": "US",
        "id": "1",
        "value": 120.00,
        "type": "balanced",
        "commentId": "456"
      },
      {
        "country": "CA",
        "id": "2",
        "value": 60.00,
        "type": "balanced",
        "commentId": "789"
      },
      {
        "country": "MX",
        "id": "3",
        "value": 310.00,
        "type": "balanced",
        "commentId": "101"
      },
      {
        "country": "FR",
        "id": "4",
        "value": 110.00,
        "type": "balanced",
        "commentId": "112"
      },
      {
        "country": "DE",
        "id": "5",
        "value": 70.00,
        "type": "balanced",
        "commentId": "131"
      },
      {
        "country": "JP",
        "id": "6",
        "value": 320.00,
        "type": "balanced",
        "commentId": "415"
      }
    ]
  },
  {
    "date": "2021-06-20",
    "threshold": 80.00,
    "platform": [
      {
        "country": "US",
        "id": "7",
        "value": 130.00,
        "type": "balanced",
        "commentId": "161"
      },
      {
        "country": "CA",
        "id": "8",
        "value": 55.00,
        "type": "balanced",
        "commentId": "718"
      },
      {
        "country": "MX",
        "id": "9",
        "value": 290.00,
        "type": "balanced",
        "commentId": "192"
      },
      {
        "country": "FR",
        "id": "10",
        "value": 115.00,
        "type": "balanced",
        "commentId": "202"
      },
      {
        "country": "DE",
        "id": "11",
        "value": -65.00,
        "type": "balanced",
        "commentId": "232"
      },
      {
        "country": "JP",
        "id": "12",
        "value": -330.00,
        "type": "balanced",
        "commentId": "242"
      }
    ]
  },
  {
    "date": "2021-07-15",
    "threshold": 85.00,
    "platform": [
      {
        "country": "US",
        "id": "13",
        "value": 140.00,
        "type": "balanced",
        "commentId": "123"
      },
      {
        "country": "CA",
        "id": "14",
        "value": 65.00,
        "type": "balanced",
        "commentId": "456"
      },
      {
        "country": "MX",
        "id": "15",
        "value": 300.00,
        "type": "balanced",
        "commentId": "789"
      },
      {
        "country": "FR",
        "id": "16",
        "value": 120.00,
        "type": "balanced",
        "commentId": "101"
      },
      {
        "country": "DE",
        "id": "17",
        "value": 75.00,
        "type": "balanced",
        "commentId": "112"
      },
      {
        "country": "JP",
        "id": "18",
        "value": 310.00,
        "type": "balanced",
        "commentId": "131"
      }
    ]
  },
  {
    "date": "2021-08-20",
    "threshold": 90.00,
    "platform": [
      {
        "country": "US",
        "id": "19",
        "value": 150.00,
        "type": "balanced",
        "commentId": "161"
      },
      {
        "country": "CA",
        "id": "20",
        "value": 75.00,
        "type": "balanced",
        "commentId": "718"
      },
      {
        "country": "MX",
        "id": "21",
        "value": 280.00,
        "type": "balanced",
        "commentId": "192"
      },
      {
        "country": "FR",
        "id": "22",
        "value": 125.00,
        "type": "balanced",
        "commentId": "202"
      },
      {
        "country": "DE",
        "id": "23",
        "value": -75.00,
        "type": "balanced",
        "commentId": "232"
      },
      {
        "country": "JP",
        "id": "24",
        "value": -320.00,
        "type": "balanced",
        "commentId": "242"
      }
    ]
  },
  {
    "date": "2021-09-15",
    "threshold": 95.00,
    "platform": [
      {
        "country": "US",
        "id": "25",
        "value": 160.00,
        "type": "balanced",
        "commentId": "456"
      },
      {
        "country": "CA",
        "id": "26",
        "value": -85.00,
        "type": "balanced",
        "commentId": "789"
      },
      {
        "country": "MX",
        "id": "27",
        "value": 270.00,
        "type": "balanced",
        "commentId": "101"
      },
      {
        "country": "FR",
        "id": "28",
        "value": 130.00,
        "type": "balanced",
        "commentId": "112"
      },
      {
        "country": "DE",
        "id": "29",
        "value": 80.00,
        "type": "balanced",
        "commentId": "131"
      },
      {
        "country": "JP",
        "id": "30",
        "value": 300.00,
        "type": "balanced",
        "commentId": "415"
      }
    ]
  },
  {
    "date": "2021-10-20",
    "threshold": 100.00,
    "platform": [
      {
        "country": "US",
        "id": "31",
        "value": 170.00,
        "type": "balanced",
        "commentId": "161"
      },
      {
        "country": "CA",
        "id": "32",
        "value": 95.00,
        "type": "balanced",
        "commentId": "718"
      },
      {
        "country": "MX",
        "id": "33",
        "value": 260.00,
        "type": "balanced",
        "commentId": "192"
      },
      {
        "country": "FR",
        "id": "34",
        "value": 135.00,
        "type": "balanced",
        "commentId": "202"
      },
      {
        "country": "DE",
        "id": "35",
        "value": -85.00,
        "type": "balanced",
        "commentId": "232"
      },
      {
        "country": "JP",
        "id": "36",
        "value": -310.00,
        "type": "balanced",
        "commentId": "242"
      }
    ]
  },
  {
    "date": "2021-11-15",
    "threshold": 105.00,
    "platform": [
      {
        "country": "US",
        "id": "37",
        "value": 180.00,
        "type": "balanced",
        "commentId": "456"
      },
      {
        "country": "CA",
        "id": "38",
        "value": 105.00,
        "type": "balanced",
        "commentId": "789"
      },
      {
        "country": "MX",
        "id": "39",
        "value": 250.00,
        "type": "balanced",
        "commentId": "101"
      },
      {
        "country": "FR",
        "id": "40",
        "value": 140.00,
        "type": "balanced",
        "commentId": "112"
      },
      {
        "country": "DE",
        "id": "41",
        "value": 90.00,
        "type": "balanced",
        "commentId": "131"
      },
      {
        "country": "JP",
        "id": "42",
        "value": 290.00,
        "type": "balanced",
        "commentId": "415"
      }
    ]
  },
  {
    "date": "2021-12-20",
    "threshold": 110.00,
    "platform": [
      {
        "country": "US",
        "id": "43",
        "value": 190.00,
        "type": "balanced",
        "commentId": "161"
      },
      {
        "country": "CA",
        "id": "44",
        "value": 115.00,
        "type": "balanced",
        "commentId": "718"
      },
      {
        "country": "MX",
        "id": "45",
        "value": 240.00,
        "type": "balanced",
        "commentId": "192"
      },
      {
        "country": "FR",
        "id": "46",
        "value": 145.00,
        "type": "balanced",
        "commentId": "202"
      },
      {
        "country": "DE",
        "id": "47",
        "value": -95.00,
        "type": "balanced",
        "commentId": "232"
      },
      {
        "country": "JP",
        "id": "48",
        "value": -300.00,
        "type": "balanced",
        "commentId": "242"
      }
    ]
  },
  {
    "date": "2022-01-15",
    "threshold": 115.00,
    "platform": [
      {
        "country": "US",
        "id": "49",
        "value": 200.00,
        "type": "balanced",
        "commentId": "456"
      },
      {
        "country": "CA",
        "id": "50",
        "value": 125.00,
        "type": "balanced",
        "commentId": "789"
      },
      {
        "country": "MX",
        "id": "51",
        "value": -230.00,
        "type": "balanced",
        "commentId": "101"
      },
      {
        "country": "FR",
        "id": "52",
        "value": 150.00,
        "type": "balanced",
        "commentId": "112"
      },
      {
        "country": "DE",
        "id": "53",
        "value": 100.00,
        "type": "balanced",
        "commentId": "131"
      },
      {
        "country": "JP",
        "id": "54",
        "value": 280.00,
        "type": "balanced",
        "commentId": "415"
      }
    ]
  },
  {
    "date": "2022-02-20",
    "threshold": 120.00,
    "platform": [
      {
        "country": "US",
        "id": "55",
        "value": 210.00,
        "type": "balanced",
        "commentId": "161"
      },
      {
        "country": "CA",
        "id": "56",
        "value": 135.00,
        "type": "balanced",
        "commentId": "718"
      },
      {
        "country": "MX",
        "id": "57",
        "value": 220.00,
        "type": "balanced",
        "commentId": "192"
      },
      {
        "country": "FR",
        "id": "58",
        "value": 155.00,
        "type": "balanced",
        "commentId": "202"
      },
      {
        "country": "DE",
        "id": "59",
        "value": -105.00,
        "type": "balanced",
        "commentId": "232"
      },
      {
        "country": "JP",
        "id": "60",
        "value": -290.00,
        "type": "balanced",
        "commentId": "242"
      }
    ]
  },
  {
    "date": "2022-03-15",
    "threshold": 125.00,
    "platform": [
      {
        "country": "US",
        "id": "61",
        "value": 220.00,
        "type": "balanced",
        "commentId": "456"
      },
      {
        "country": "CA",
        "id": "62",
        "value": 145.00,
        "type": "balanced",
        "commentId": "789"
      },
      {
        "country": "MX",
        "id": "63",
        "value": 210.00,
        "type": "balanced",
        "commentId": "101"
      },
      {
        "country": "FR",
        "id": "64",
        "value": 160.00,
        "type": "balanced",
        "commentId": "112"
      },
      {
        "country": "DE",
        "id": "65",
        "value": 110.00,
        "type": "balanced",
        "commentId": "131"
      },
      {
        "country": "JP",
        "id": "66",
        "value": 270.00,
        "type": "balanced",
        "commentId": "415"
      }
    ]
  },
  {
    "date": "2022-04-20",
    "threshold": 130.00,
    "platform": [
      {
        "country": "US",
        "id": "67",
        "value": 230.00,
        "type": "balanced",
        "commentId": "161"
      },
      {
        "country": "CA",
        "id": "68",
        "value": 155.00,
        "type": "balanced",
        "commentId": "718"
      },
      {
        "country": "MX",
        "id": "69",
        "value": 200.00,
        "type": "balanced",
        "commentId": "192"
      },
      {
        "country": "FR",
        "id": "70",
        "value": 165.00,
        "type": "balanced",
        "commentId": "202"
      },
      {
        "country": "DE",
        "id": "71",
        "value": -115.00,
        "type": "balanced",
        "commentId": "232"
      },
      {
        "country": "JP",
        "id": "72",
        "value": -280.00,
        "type": "balanced",
        "commentId": "242"
      }
    ]
  },
  {
    "date": "2022-05-15",
    "threshold": 135.00,
    "platform": [
      {
        "country": "US",
        "id": "73",
        "value": 240.00,
        "type": "balanced",
        "commentId": "456"
      },
      {
        "country": "CA",
        "id": "74",
        "value": 165.00,
        "type": "balanced",
        "commentId": "789"
      },
      {
        "country": "MX",
        "id": "75",
        "value": 190.00,
        "type": "balanced",
        "commentId": "101"
      },
      {
        "country": "FR",
        "id": "76",
        "value": 170.00,
        "type": "balanced",
        "commentId": "112"
      },
      {
        "country": "DE",
        "id": "77",
        "value": 120.00,
        "type": "balanced",
        "commentId": "131"
      },
      {
        "country": "JP",
        "id": "78",
        "value": 260.00,
        "type": "balanced",
        "commentId": "415"
      }
    ]
  },
  {
    "date": "2022-06-20",
    "threshold": 140.00,
    "platform": [
      {
        "country": "US",
        "id": "79",
        "value": 250.00,
        "type": "balanced",
        "commentId": "161"
      },
      {
        "country": "CA",
        "id": "80",
        "value": 175.00,
        "type": "balanced",
        "commentId": "718"
      },
      {
        "country": "MX",
        "id": "81",
        "value": 180.00,
        "type": "balanced",
        "commentId": "192"
      },
      {
        "country": "FR",
        "id": "82",
        "value": 175.00,
        "type": "balanced",
        "commentId": "202"
      },
      {
        "country": "DE",
        "id": "83",
        "value": -125.00,
        "type": "balanced",
        "commentId": "232"
      },
      {
        "country": "JP",
        "id": "84",
        "value": -270.00,
        "type": "balanced",
        "commentId": "242"
      }
    ]
  }
]